variant,avg_reward,cum_reward,rounds
full,0.024408602150537632,7.5666666666666655,310
no_kg,0.015806451612903227,4.9,310
no_mf,0.018028673835125446,5.588888888888889,310
