variant,avg_reward,cum_reward,rounds
full,0.014695340501792118,4.555555555555556,310
no_kg,0.02200716845878136,6.822222222222222,310
no_mf,0.026344086021505373,8.166666666666666,310
