algo,param,avg_reward,cum_reward,rounds
LinUCB,0.1,0.03032258064516129,9.4,310
LinUCB,0.5,0.021935483870967745,6.800000000000001,310
LinUCB,1.0,0.024408602150537632,7.5666666666666655,310
LinUCB,2.0,0.01996415770609319,6.188888888888889,310
EpsilonGreedy,0.01,0.03057347670250896,9.477777777777778,310
EpsilonGreedy,0.05,0.02960573476702508,9.177777777777775,310
EpsilonGreedy,0.1,0.02724014336917563,8.444444444444445,310
EpsilonGreedy,0.2,0.029964157706093193,9.28888888888889,310
