Model,Recall@10,NDCG@10,Precision@10,MAP@10
MetaHybrid-LR,0.551613,0.264547,0.057,0.176734
RandomForest,0.532258,0.251495,0.055,0.162586
KG,0.532258,0.248624,0.055,0.160563
