Model,Recall@10,NDCG@10
MetaHybrid-LR,0.545161,0.263143
MF,0.535484,0.244011
KG,0.532258,0.248624
